<?xml version="1.0" encoding="big5"?><Log><record><method>GET</method><path>./web/index.htm</path><reponsecode>200</reponsecode></record><record><method>GET</method><path>./web/index.htm</path><reponsecode>200</reponsecode></record><record><method>GET</method><path>./web/index.htm</path><reponsecode>200</reponsecode></record><record><method>GET</method><path>./web/index.htm</path><reponsecode>200</reponsecode></record><record><method>GET</method><path>./web/index.htm</path><reponsecode>200</reponsecode></record><record><method>GET</method><path>./web/index.htm</path><reponsecode>200</reponsecode></record><record><method>GET</method><path>./web/index.htm</path><reponsecode>200</reponsecode></record></Log>